{
 "_meta": {
  "di": 0.7,
  "cab": 0.3,
  "ref_l2": 2.4,
  "note": "cab_rms_makeup for DI+cab blend bass cabs; see make_di_cab_irs.py"
 },
 "makeup": {
  "bass_cab_at1150bc_00": 2.34092,
  "bass_cab_at1150bc_01": 2.95626,
  "bass_cab_at1150bc_02": 1.95364,
  "bass_cab_at1150bc_03": 2.11112,
  "bass_cab_at1150bc_04": 2.69455,
  "bass_cab_at1150bc_05": 2.34922,
  "bass_cab_at1150bc_06": 2.0659,
  "bass_cab_at1150bc_07": 3.13081,
  "bass_cab_at1150bc_08": 2.48771,
  "bass_cab_at810bc_00": 4.48507,
  "bass_cab_at810bc_01": 4.37257,
  "bass_cab_at810bc_02": 3.61741,
  "bass_cab_at810bc_03": 3.79131,
  "bass_cab_at810bc_04": 4.01093,
  "bass_cab_at810bc_05": 3.40231,
  "bass_cab_at810bc_06": 4.6318,
  "bass_cab_at810bc_07": 4.71626,
  "bass_cab_at810bc_08": 4.24222,
  "bass_cab_bt115bc_00": 2.31333,
  "bass_cab_bt115bc_01": 2.76398,
  "bass_cab_bt115bc_02": 2.43076,
  "bass_cab_bt115bc_03": 2.78828,
  "bass_cab_bt115bc_04": 2.87566,
  "bass_cab_bt115bc_05": 2.9141,
  "bass_cab_bt115bc_06": 2.11743,
  "bass_cab_bt115bc_07": 3.00555,
  "bass_cab_bt115bc_08": 2.39699,
  "bass_cab_bt212bc_00": 3.58886,
  "bass_cab_bt212bc_01": 3.67458,
  "bass_cab_bt212bc_02": 2.72854,
  "bass_cab_bt212bc_03": 2.8958,
  "bass_cab_bt212bc_04": 2.10885,
  "bass_cab_bt212bc_05": 2.71862,
  "bass_cab_bt212bc_06": 2.93336,
  "bass_cab_bt212bc_07": 3.29581,
  "bass_cab_bt212bc_08": 3.39015,
  "bass_cab_bt410bc_00": 1.71264,
  "bass_cab_bt410bc_01": 2.76676,
  "bass_cab_bt410bc_02": 2.6505,
  "bass_cab_bt410bc_03": 2.49934,
  "bass_cab_bt410bc_04": 2.356,
  "bass_cab_bt410bc_05": 1.80048,
  "bass_cab_bt410bc_06": 2.85664,
  "bass_cab_bt410bc_07": 2.92378,
  "bass_cab_bt410bc_08": 2.1179,
  "bass_cab_ca1510bc_00": 2.48369,
  "bass_cab_ca1510bc_01": 2.76492,
  "bass_cab_ca1510bc_02": 3.31702,
  "bass_cab_ca1510bc_03": 2.34647,
  "bass_cab_ca1510bc_04": 2.96866,
  "bass_cab_ca1510bc_05": 1.96581,
  "bass_cab_ca1510bc_06": 2.99133,
  "bass_cab_ca1510bc_07": 3.3367,
  "bass_cab_ca1510bc_08": 3.3783,
  "bass_cab_ch210bc_00": 2.06822,
  "bass_cab_ch210bc_01": 2.58833,
  "bass_cab_ch210bc_02": 3.04726,
  "bass_cab_ch210bc_03": 2.13908,
  "bass_cab_ch210bc_04": 2.30707,
  "bass_cab_ch210bc_05": 2.32866,
  "bass_cab_ch210bc_06": 2.43056,
  "bass_cab_ch210bc_07": 2.44556,
  "bass_cab_ch210bc_08": 2.78834,
  "bass_cab_ch310bc_00": 1.62188,
  "bass_cab_ch310bc_01": 2.91503,
  "bass_cab_ch310bc_02": 2.95009,
  "bass_cab_ch310bc_03": 3.21633,
  "bass_cab_ch310bc_04": 2.85576,
  "bass_cab_ch310bc_05": 1.66374,
  "bass_cab_ch310bc_06": 3.91709,
  "bass_cab_ch310bc_07": 4.05537,
  "bass_cab_ch310bc_08": 2.51394,
  "bass_cab_ch410bc_00": 1.71264,
  "bass_cab_ch410bc_01": 2.76676,
  "bass_cab_ch410bc_02": 2.6505,
  "bass_cab_ch410bc_03": 2.49934,
  "bass_cab_ch410bc_04": 2.356,
  "bass_cab_ch410bc_05": 1.80048,
  "bass_cab_ch410bc_06": 2.85664,
  "bass_cab_ch410bc_07": 2.92378,
  "bass_cab_ch410bc_08": 2.1179,
  "bass_cab_cs112bc_00": 1.92667,
  "bass_cab_cs112bc_01": 2.23216,
  "bass_cab_cs112bc_02": 1.80164,
  "bass_cab_cs112bc_03": 2.21067,
  "bass_cab_cs112bc_04": 2.20739,
  "bass_cab_cs112bc_05": 1.8801,
  "bass_cab_cs112bc_06": 1.7882,
  "bass_cab_cs112bc_07": 2.2551,
  "bass_cab_cs112bc_08": 2.01172,
  "bass_cab_cs15bc_00": 2.3864,
  "bass_cab_cs15bc_01": 2.51111,
  "bass_cab_cs15bc_02": 2.30166,
  "bass_cab_cs15bc_03": 2.25483,
  "bass_cab_cs15bc_04": 2.69245,
  "bass_cab_cs15bc_05": 2.35211,
  "bass_cab_cs15bc_06": 2.52884,
  "bass_cab_cs15bc_07": 2.53427,
  "bass_cab_cs15bc_08": 2.705,
  "bass_cab_cs410bc_00": 1.65653,
  "bass_cab_cs410bc_01": 1.87285,
  "bass_cab_cs410bc_02": 4.5392,
  "bass_cab_cs410bc_03": 4.0688,
  "bass_cab_cs410bc_04": 3.156,
  "bass_cab_cs410bc_05": 1.94082,
  "bass_cab_cs410bc_06": 4.63242,
  "bass_cab_cs410bc_07": 4.63242,
  "bass_cab_cs410bc_08": 5.29623,
  "bass_cab_cs410bc_09": 2.62059,
  "bass_cab_edend115xlt_00": 2.3864,
  "bass_cab_edend115xlt_01": 2.51111,
  "bass_cab_edend115xlt_02": 2.30166,
  "bass_cab_edend115xlt_03": 2.25483,
  "bass_cab_edend115xlt_04": 2.69245,
  "bass_cab_edend115xlt_05": 2.35211,
  "bass_cab_edend115xlt_06": 2.52884,
  "bass_cab_edend115xlt_07": 2.53427,
  "bass_cab_edend115xlt_08": 2.705,
  "bass_cab_edend212xlt_00": 3.58886,
  "bass_cab_edend212xlt_01": 3.67458,
  "bass_cab_edend212xlt_02": 2.72854,
  "bass_cab_edend212xlt_03": 2.8958,
  "bass_cab_edend212xlt_04": 2.10885,
  "bass_cab_edend212xlt_05": 2.71862,
  "bass_cab_edend212xlt_06": 2.93336,
  "bass_cab_edend212xlt_07": 3.29581,
  "bass_cab_edend212xlt_08": 3.39015,
  "bass_cab_edend410xst_00": 1.71264,
  "bass_cab_edend410xst_01": 2.76676,
  "bass_cab_edend410xst_02": 2.6505,
  "bass_cab_edend410xst_03": 2.49934,
  "bass_cab_edend410xst_04": 2.356,
  "bass_cab_edend410xst_05": 1.80048,
  "bass_cab_edend410xst_06": 2.85664,
  "bass_cab_edend410xst_07": 2.92378,
  "bass_cab_edend410xst_08": 2.1179,
  "bass_cab_edend610xst_00": 1.63414,
  "bass_cab_edend610xst_01": 2.62364,
  "bass_cab_edend610xst_02": 2.50368,
  "bass_cab_edend610xst_03": 2.37489,
  "bass_cab_edend610xst_04": 2.53589,
  "bass_cab_edend610xst_05": 1.73888,
  "bass_cab_edend610xst_06": 2.84237,
  "bass_cab_edend610xst_07": 2.99046,
  "bass_cab_edend610xst_08": 2.41939,
  "bass_cab_gb415bc_00": 2.13544,
  "bass_cab_gb415bc_01": 2.35835,
  "bass_cab_gb415bc_02": 2.65506,
  "bass_cab_gb415bc_03": 2.49021,
  "bass_cab_gb415bc_04": 2.50261,
  "bass_cab_gb415bc_05": 3.15842,
  "bass_cab_gb415bc_06": 1.80579,
  "bass_cab_gb415bc_07": 2.47834,
  "bass_cab_gb415bc_08": 2.32061,
  "bass_cab_orangeobc115_00": 2.55568,
  "bass_cab_orangeobc115_01": 3.35165,
  "bass_cab_orangeobc115_02": 2.85798,
  "bass_cab_orangeobc115_03": 2.0422,
  "bass_cab_orangeobc115_04": 2.5583,
  "bass_cab_orangeobc115_05": 2.18283,
  "bass_cab_orangeobc115_06": 2.149,
  "bass_cab_orangeobc115_07": 3.04754,
  "bass_cab_orangeobc115_08": 3.19731,
  "bass_cab_orangeobc810_00": 4.35133,
  "bass_cab_orangeobc810_01": 4.06548,
  "bass_cab_orangeobc810_02": 3.55607,
  "bass_cab_orangeobc810_03": 3.79131,
  "bass_cab_orangeobc810_04": 3.80904,
  "bass_cab_orangeobc810_05": 3.51113,
  "bass_cab_orangeobc810_06": 4.6318,
  "bass_cab_orangeobc810_07": 4.71626,
  "bass_cab_orangeobc810_08": 4.24222,
  "bass_cab_tw215bc_00": 1.92885,
  "bass_cab_tw215bc_01": 2.26189,
  "bass_cab_tw215bc_02": 2.1571,
  "bass_cab_tw215bc_03": 2.09501,
  "bass_cab_tw215bc_04": 2.7565,
  "bass_cab_tw215bc_05": 2.37275,
  "bass_cab_tw215bc_06": 1.88143,
  "bass_cab_tw215bc_07": 2.32643,
  "bass_cab_tw215bc_08": 2.24727
 }
}